{
    "associatedToAll": true,
    "caseInsensitive": true,
    "cliName": "emailthreadteam",
    "closeForm": false,
    "content": true,
    "editForm": true,
    "group": 0,
    "hidden": false,
    "id": "incident_emailthreadteam",
    "isReadOnly": false,
    "locked": false,
    "name": "Email Thread Team",
    "neverSetAsRequired": false,
    "openEnded": false,
    "ownerOnly": false,
    "propagationLabels": [
        "all"
    ],
    "required": false,
    "selectValues": [
        "Choose a Team to start conversation",
        "Network",
        "Endpoint",
        "IAM",
        "Cloud"
    ],
    "sla": 0,
    "system": false,
    "threshold": 72,
    "type": "singleSelect",
    "unmapped": false,
    "unsearchable": true,
    "useAsKpi": false,
    "version": -1,
    "fromVersion": "6.0.0"
}