{
    "associatedToAll": true,
    "caseInsensitive": true,
    "cliName": "emailthreadeditor",
    "closeForm": false,
    "content": true,
    "editForm": true,
    "group": 0,
    "hidden": false,
    "id": "incident_emailthreadeditor",
    "isReadOnly": false,
    "locked": false,
    "name": "Email Thread Editor",
    "neverSetAsRequired": false,
    "openEnded": false,
    "ownerOnly": false,
    "propagationLabels": [
        "all"
    ],
    "required": false,
    "sla": 0,
    "system": false,
    "threshold": 72,
    "type": "markdown",
    "unmapped": false,
    "unsearchable": true,
    "useAsKpi": false,
    "version": -1,
    "fromVersion": "6.0.0"
}