{
    "associatedToAll": true,
    "caseInsensitive": true,
    "cliName": "emailthreadtopicslist",
    "closeForm": false,
    "content": true,
    "editForm": true,
    "group": 0,
    "hidden": false,
    "id": "incident_emailthreadtopicslist",
    "isReadOnly": false,
    "locked": false,
    "name": "Email Thread Topics List",
    "neverSetAsRequired": false,
    "openEnded": true,
    "ownerOnly": false,
    "propagationLabels": [
        "all"
    ],
    "required": false,
    "sla": 0,
    "system": false,
    "threshold": 72,
    "type": "multiSelect",
    "unmapped": false,
    "unsearchable": true,
    "useAsKpi": false,
    "version": -1,
    "fromVersion": "6.0.0"
}