{
    "autorun": true,
    "color": "#FF00B6",
    "days": 0,
    "daysR": 0,
    "default": false,
    "detached": false,
    "disabled": false,
    "extractSettings": {
        "fieldCliNameToExtractSettings": {},
        "mode": "Specific"
    },
    "hours": 0,
    "hoursR": 0,
    "id": "Email Thread v2",
    "layout": "Email Thread v2",
    "locked": false,
    "name": "Email Thread v2",
    "onChangeRepAlg": 0,
    "readonly": false,
    "reputationCalc": 0,
    "system": false,
    "version": -1,
    "weeks": 0,
    "weeksR": 0,
    "fromVersion": "6.0.0"
}