Field Name	Parse statement	Description	Sample value from Log
event_type	"authentication	
action	json_extract_scalar(data, "$.action")	
authdevice	json_extract_scalar(data, "$.authdevice")	
authenticatorattachment	json_extract_scalar(data, "$.authenticatorattachment")	
authmethod	json_extract_scalar(data, "$.authmethod")	
cause	json_extract_scalar(data, "$.cause")	
devicetype	json_extract_scalar(data, "$.devicetype")	
fido2_authenticatordata	json_extract_scalar(data, "$.fido2_authenticatordata")	
fido2_clientdatajson	json_extract_scalar(data, "$.fido2_clientdatajson")	
fido2_credentialid	json_extract_scalar(data, "$.fido2_credentialid")	
fido2_publickey	json_extract_scalar(data, "$.fido2_publickey")	
fido2_relyingparty	json_extract_scalar(data, "$.fido2_relyingparty")	
fido2_signature	json_extract_scalar(data, "$.fido2_signature")	
origin	json_extract_scalar(data, "$.origin")	
realm	json_extract_scalar(data, "$.realm")	
result	json_extract_scalar(data, "$.result")	
sourcetype	json_extract_scalar(data, "$.sourcetype")	
subject	json_extract_scalar(data, "$.subject")	
subtype	json_extract_scalar(data, "$.subtype")	
targetid	json_extract_scalar(data, "$.targetid")	
username	json_extract_scalar(data, "$.username")	
event_type	"sso	
applicationid	json_extract_scalar(data, "$.applicationid")	
applicationname	json_extract_scalar(data, "$.applicationname")	
applicationtype	json_extract_scalar(data, "$.applicationtype")	
at_hash	json_extract_scalar(data, "$.at_hash")	
cause	json_extract_scalar(data, "$.cause")	
client_id	json_extract_scalar(data, "$.client_id")	
client_name	json_extract_scalar(data, "$.client_name")	
client_type	json_extract_scalar(data, "$.client_type")	
devicetype	json_extract_scalar(data, "$.devicetype")	
grant_id	json_extract_scalar(data, "$.grant_id")	
grant_type	json_extract_scalar(data, "$.grant_type")	
id_token	json_extract_scalar(data, "$.id_token")	
origin	json_extract_scalar(data, "$.origin")	
realm	json_extract_scalar(data, "$.realm")	
redirecturl	json_extract_scalar(data, "$.redirecturl")	
result	json_extract_scalar(data, "$.result")	
scope	json_extract_scalar(data, "$.scope")	
sessionid	json_extract_scalar(data, "$.sessionid")	
subtype	json_extract_scalar(data, "$.subtype")	
uasessionid	json_extract_scalar(data, "$.uasessionid")	
userid	json_extract_scalar(data, "$.userid")	
username	json_extract_scalar(data, "$.username")	
event_type	"token	
access_token_type	json_extract_scalar(data, "$.access_token_type")	
action	json_extract_scalar(data, "$.action")	
applicationid	json_extract_scalar(data, "$.applicationid")	
applicationname	json_extract_scalar(data, "$.applicationname")	
applicationtype	json_extract_scalar(data, "$.applicationtype")	
at_hash	json_extract_scalar(data, "$.at_hash")	
client_id	json_extract_scalar(data, "$.client_id")	
client_name	json_extract_scalar(data, "$.client_name")	
client_category	json_extract_scalar(data, "$.client_category")	
devicetype	json_extract_scalar(data, "$.devicetype")	
grant_id	json_extract_scalar(data, "$.grant_id")	
grant_type	json_extract_scalar(data, "$.grant_type")	
origin	json_extract_scalar(data, "$.origin")	
result	json_extract_scalar(data, "$.result")	
scope	json_extract_scalar(data, "$.scope")	
token_lifetime	json_extract_scalar(data, "$.token_lifetime")	
token_type	json_extract_scalar(data, "$.token_type")	
event_type	"management	
action	json_extract_scalar(data, "$.action")	
api_grant_type	json_extract_scalar(data, "$.api_grant_type")	
cause	json_extract_scalar(data, "$.cause")	
devicetype	json_extract_scalar(data, "$.devicetype")	
json	json_extract_scalar(data, "$.json")	
location	json_extract_scalar(data, "$.location")	
messageid	json_extract_scalar(data, "$.messageid")	
modified	json_extract_scalar(data, "$.modified")	
performedby	json_extract_scalar(data, "$.performedby")	
performedby_type	json_extract_scalar(data, "$.performedby_type")	
realm	json_extract_scalar(data, "$.realm")	
resource	json_extract_scalar(data, "$.resource")	
result	json_extract_scalar(data, "$.result")	
self	json_extract_scalar(data, "$.self")	
targetname	json_extract_scalar(data, "$.target")	
targetid	json_extract_scalar(data, "$.targetid")	
targetid_realm	json_extract_scalar(data, "$.targetid_realm")	
targetid_username	json_extract_scalar(data, "$.targetid_username")	
