{"report": {"environment": {"Python": "3.10.7", "Platform": "Linux-5.10.47-linuxkit-x86_64-with"}, "tests": [{"name": "SendEmailThread_test.py::test_generate_email_topic", "duration": 0.0530202999652829, "run_index": 0, "setup": {"name": "setup", "duration": 0.01509169998462312, "outcome": "passed"}, "call": {"name": "call", "duration": 0.020815700001548976, "outcome": "passed"}, "teardown": {"name": "teardown", "duration": 0.002021199994487688, "outcome": "passed"}, "outcome": "passed"}, {"name": "SendEmailThread_test.py::test_store_topics", "duration": 0.008640100015327334, "run_index": 1, "setup": {"name": "setup", "duration": 0.0015746999997645617, "outcome": "passed"}, "call": {"name": "call", "duration": 0.004207400023005903, "outcome": "passed"}, "teardown": {"name": "teardown", "duration": 0.0012832999927923083, "outcome": "passed"}, "outcome": "passed"}, {"name": "SendEmailThread_test.py::test_validate_email_sent", "duration": 0.010438900004373863, "run_index": 2, "setup": {"name": "setup", "duration": 0.0014335000014398247, "outcome": "passed"}, "call": {"name": "call", "duration": 0.0062636999937240034, "outcome": "passed"}, "teardown": {"name": "teardown", "duration": 0.0013082000077702105, "outcome": "passed"}, "outcome": "passed"}, {"name": "SendEmailThread_test.py::test_execute_reply_mail", "duration": 0.008831199957057834, "run_index": 3, "setup": {"name": "setup", "duration": 0.0014012999890837818, "outcome": "passed"}, "call": {"name": "call", "duration": 0.004753499990329146, "outcome": "passed"}, "teardown": {"name": "teardown", "duration": 0.0012750999885611236, "outcome": "passed"}, "outcome": "passed"}, {"name": "SendEmailThread_test.py::test_get_email_cc", "duration": 0.00445670002955012, "run_index": 4, "setup": {"name": "setup", "duration": 0.0012936000130139291, "outcome": "passed"}, "call": {"name": "call", "duration": 0.0007768000068608671, "outcome": "passed"}, "teardown": {"name": "teardown", "duration": 0.0010926999966613948, "outcome": "passed"}, "outcome": "passed"}, {"name": "SendEmailThread_test.py::test_get_entry_id_list", "duration": 0.010752700036391616, "run_index": 5, "setup": {"name": "setup", "duration": 0.0013973000168334693, "outcome": "passed"}, "call": {"name": "call", "duration": 0.006843100010883063, "outcome": "passed"}, "teardown": {"name": "teardown", "duration": 0.0011149999918416142, "outcome": "passed"}, "outcome": "passed"}, {"name": "SendEmailThread_test.py::test_create_file_data_json", "duration": 0.005628099956084043, "run_index": 6, "setup": {"name": "setup", "duration": 0.0011748999822884798, "outcome": "passed"}, "call": {"name": "call", "duration": 0.0023358999751508236, "outcome": "passed"}, "teardown": {"name": "teardown", "duration": 0.0009424000163562596, "outcome": "passed"}, "outcome": "passed"}, {"name": "SendEmailThread_test.py::test_get_reply_body", "duration": 0.007399399968562648, "run_index": 7, "setup": {"name": "setup", "duration": 0.0017336999881081283, "outcome": "passed"}, "call": {"name": "call", "duration": 0.0031029999954625964, "outcome": "passed"}, "teardown": {"name": "teardown", "duration": 0.0008289999968837947, "outcome": "passed"}, "outcome": "passed"}, {"name": "SendEmailThread_test.py::test_add_entries", "duration": 0.007350400002906099, "run_index": 8, "setup": {"name": "setup", "duration": 0.0012030999932903796, "outcome": "passed"}, "call": {"name": "call", "duration": 0.003319700015708804, "outcome": "passed", "stdout": "<p><b>From: </b> xxxxxx <br><b>Sent: </b>2022-10-07 02:55:10<br><b>To: </b> xxxxxx <br><b>Subject: </b> This is a new test <br></p><p>Test email reply</p><blockquote style=\"margin:0px 0px 0px 0.8ex;border-left:1px solid rgb(204,204,204);padding-left:1ex;\"><p><b>From: </b> xxxxxx <br><b>Sent: </b>2022-08-18 00:21:04<br><b>To: </b> xxxxxx <br><b>Subject: </b> This is a new test <br></p><p><strong>Hi, this is a new body</strong>+Test HTML Convert+</p><blockquote style=\"margin:0px 0px 0px 0.8ex;border-left:1px solid rgb(204,204,204);padding-left:1ex;\"><p><b>From: </b> xxxxxx <br><b>Sent: </b>2022-08-17 23:45:30<br><b>To: </b> xxxxxx <br><b>Subject: </b> This is a new test <br></p><p>Hi, pls check these attachments</p></blockquote></blockquote>\n"}, "teardown": {"name": "teardown", "duration": 0.0016245000006165355, "outcome": "error", "longrepr": "capfd = <_pytest.capture.CaptureFixture object at 0x7ff5c4c2d480>\n\n    @pytest.fixture(autouse=True)\n    def check_std_out_err(capfd):\n        '''\n        Fixture validates that there is no output to stdout or stderr.\n    \n        If your test fails and it is ok to have output in stdout/stderr, you can disable the capture use \"with capfd.disabled()\"\n    \n        For example:\n    \n        def test_boo(capfd):\n            with capfd.disabled():\n                print(\"this is ok\")\n        '''\n        yield\n        (out, err) = capfd.readouterr()\n        if out:\n>           pytest.fail(\"Found output in stdout: [{}]\".format(out.strip()))\nE           Failed: Found output in stdout: [<p><b>From: </b> xxxxxx <br><b>Sent: </b>2022-10-07 02:55:10<br><b>To: </b> xxxxxx <br><b>Subject: </b> This is a new test <br></p><p>Test email reply</p><blockquote style=\"margin:0px 0px 0px 0.8ex;border-left:1px solid rgb(204,204,204);padding-left:1ex;\"><p><b>From: </b> xxxxxx <br><b>Sent: </b>2022-08-18 00:21:04<br><b>To: </b> xxxxxx <br><b>Subject: </b> This is a new test <br></p><p><strong>Hi, this is a new body</strong>+Test HTML Convert+</p><blockquote style=\"margin:0px 0px 0px 0.8ex;border-left:1px solid rgb(204,204,204);padding-left:1ex;\"><p><b>From: </b> xxxxxx <br><b>Sent: </b>2022-08-17 23:45:30<br><b>To: </b> xxxxxx <br><b>Subject: </b> This is a new test <br></p><p>Hi, pls check these attachments</p></blockquote></blockquote>]\n\nconftest.py:50: Failed"}, "outcome": "error"}, {"name": "SendEmailThread_test.py::test_create_reply_email", "duration": 0.004999500000849366, "run_index": 9, "setup": {"name": "setup", "duration": 0.001117000007070601, "outcome": "passed"}, "call": {"name": "call", "duration": 0.0020198999845888466, "outcome": "passed"}, "teardown": {"name": "teardown", "duration": 0.0007456000021193177, "outcome": "passed"}, "outcome": "passed"}, {"name": "SendEmailThread_test.py::test_get_email_from", "duration": 0.00723470002412796, "run_index": 10, "setup": {"name": "setup", "duration": 0.0011285000073257834, "outcome": "passed"}, "call": {"name": "call", "duration": 0.004165799997281283, "outcome": "passed"}, "teardown": {"name": "teardown", "duration": 0.0008119000121951103, "outcome": "passed"}, "outcome": "passed"}, {"name": "SendEmailThread_test.py::test_check_valid_args", "duration": 0.004676900018239394, "run_index": 11, "setup": {"name": "setup", "duration": 0.001113000005716458, "outcome": "passed"}, "call": {"name": "call", "duration": 0.0016757000121288002, "outcome": "passed"}, "teardown": {"name": "teardown", "duration": 0.0007751999946776778, "outcome": "passed"}, "outcome": "passed"}, {"name": "SendEmailThread_test.py::test_main", "duration": 0.01850510004442185, "run_index": 12, "setup": {"name": "setup", "duration": 0.0010916000173892826, "outcome": "passed"}, "call": {"name": "call", "duration": 0.014103100023930892, "outcome": "passed"}, "teardown": {"name": "teardown", "duration": 0.002218799985712394, "outcome": "passed"}, "outcome": "passed"}], "summary": {"passed": 13, "error": 1, "num_tests": 13, "duration": 1.2634367942810059}, "created_at": "2022-10-07 02:55:10.995061"}}